{"Masters":[{"value":"1,Chartered Accountant|X|1,Chartered Accountant#","label":"Chartered Accountant"},{"value":"2,CA Inter|X|1,Chartered Accountant#","label":"CA Inter"},{"value":"3,Chartered Financial Analyst|X|1,Finance#","label":"Chartered Financial Analyst"},{"value":"4,Company Secretary|X|1,Company Secretary#","label":"Company Secretary"},{"value":"5,Doctor of Medicine (MD)|X|1,Anatomy#2,Anesthesiology#3,Aviation Medicine#4,Biochemistry#5,Bio-Physics#6,Blood Banking & Immuno. Haem#7,Critical Care Medicine#8,Community Health Administration#9,Community Medicine#10,Dermatology#11,Forensic Medicine#12,General Medicine#13,Geriatrics#14,Gynecology#15,Health Administration#16,Hospital Administration#17,Lab Medicine#18,Leprosy#19,Maternity & Child Health#20,Microbiology#21,Nuclear Medicine#22,Obstetrics#23,Ophthalmology#24,Pathology#25,Pediatrics#26,Pharmacology#27,Physical Medicine & Rehabilitation#28,Physiology#29,Psychiatry#30,Pulmonary Medicine#31,R & D#32,Radio Diagnosis#33,Radio Therapy#34,Radiology#35,Social and Preventive Medicine#36,Tropical Medicine#37,Tuberculosis & Chest Diseases#38,Veneriology#1000,Other#","label":"Doctor of Medicine (MD)"},{"value":"6,Doctor of Surgery (MS)|X|1,Anaesthesia#2,Anatomy#3,Cardiology#4,Dermatology#5,ENT#6,General Surgery#7,Gyneocology#8,Hepatology#9,Immunology Microbiology#10,Neonatal#11,Nephrology\/Urology#12,Obstretrics#13,Oncology#14,Opthalmology#15,Orthopedic#16,Pathology#17,Pediatrics#18,Psychiatry\/Psychology#19,Radiology#20,Rheumatology#1000,Other#","label":"Doctor of Surgery (MS)"},{"value":"7,Inst. of Cost & Works Accountants|X|1,Cost & Works Accountant#","label":"Inst. of Cost & Works Accountants"},{"value":"8,ICWA Inter|X|1,Cost & Works Accountant#","label":"ICWA Inter"},{"value":"10,Master of Architecture|X|1,Architecture#","label":"Master of Architecture"},{"value":"11,Master of Arts|X|1,Anthropology#2,Arabic#3,Arts & Humanities#4,Communication#5,Economics#6,English#7,Film#8,Fine arts#9,Hindi#10,History#11,Journalism#12,Maths#13,Middle Eastern Studies#14,Political#15,Science#16,PR\/ Advertising#17,Psychology#18,Religion#19,Sociology#20,Statistics#21,Urdu#1000,Other#","label":"Master of Arts"},{"value":"12,Master of Commerce|X|1,Commerce#","label":"Master of Commerce"},{"value":"13,Master of Education|X|1,Education#","label":"Master of Education"},{"value":"14,Master of Laws (LLM)|X|1,Law#","label":"Master of Laws (LLM)"},{"value":"15,Master of Pharmacy|X|1,Pharmacy#","label":"Master of Pharmacy"},{"value":"16,Master of Science|X|1,Agriculture#2,Anthropology#3,Bio-Chemistry#4,Biology#5,Botany#6,Chemistry#7,Computers#8,Dairy#9,Electronics#10,Environmental Science#11,Food Technology#12,Geology#13,Home Science#14,Maths#15,Microbiology#16,Nursing#17,Physics#18,Statistics#19,Technology#20,Zoology#1000,Other#","label":"Master of Science"},{"value":"17,Master of Technology\/Engineering|X|1,Agriculture#2,Automobile#3,Aviation#4,Bio-Chemistry#5,Bio-Technology#6,Biomedical#7,Ceramics#8,Chemical#9,Civil#10,Computers#11,Electrical#12,Electronics\/Telecommunication#13,Energy#14,Environmental#15,Instrumentation#16,Marine#17,Mechanical#18,Metallurgy#19,Mineral#20,Mining#21,Nuclear#22,Paint\/Oil#23,Petroleum#24,Plastics#25,Production\/Industrial#26,Textile#1000,Other Engineering#","label":"Master of Technology\/Engineering"},{"value":"18,Master of Veterinary Science|X|1,Veterinary Sciences#","label":"Master of Veterinary Science"},{"value":"19,Masters in Computer Application|X|1,Computers#","label":"Masters in Computer Application"},{"value":"20,MBA\/PG Diploma in Business Mgmt|X|1,Advertising\/Mass Communication#2,Finance#3,HR\/Industrial Relations#4,Information Technology#5,International Business#6,Marketing#7,Systems#1000,Other#","label":"MBA\/PG Diploma in Business Mgmt"},{"value":"1000,Other|X|1000,Other#","label":"Other"}]}